"rsq_orig","prsq","prsq_pval","density","niter"
0.639814625210879,0.600218402436042,0.297,0.1,1000
0.639814625210879,0.58978013031222,0.297,0.1,1000
0.639814625210879,0.591812851461624,0.297,0.1,1000
0.639814625210879,0.594667033853055,0.297,0.1,1000
0.639814625210879,0.484609461351628,0.297,0.1,1000
0.639814625210879,0.6479023881471,0.297,0.1,1000
0.639814625210879,0.596905907815969,0.297,0.1,1000
0.639814625210879,0.645082301564683,0.297,0.1,1000
0.639814625210879,0.585392178115526,0.297,0.1,1000
0.639814625210879,0.615871566743937,0.297,0.1,1000
0.639814625210879,0.649823055656717,0.297,0.1,1000
0.639814625210879,0.639207101377411,0.297,0.1,1000
0.639814625210879,0.536127244315235,0.297,0.1,1000
0.639814625210879,0.663148713259703,0.297,0.1,1000
0.639814625210879,0.618891903315822,0.297,0.1,1000
0.639814625210879,0.64747726843564,0.297,0.1,1000
0.639814625210879,0.605809665432884,0.297,0.1,1000
0.639814625210879,0.538950226059781,0.297,0.1,1000
0.639814625210879,0.501204105240014,0.297,0.1,1000
0.639814625210879,0.55315019967513,0.297,0.1,1000
0.639814625210879,0.648120725970589,0.297,0.1,1000
0.639814625210879,0.61084943041092,0.297,0.1,1000
0.639814625210879,0.574948546624918,0.297,0.1,1000
0.639814625210879,0.660325467341573,0.297,0.1,1000
0.639814625210879,0.566944655439349,0.297,0.1,1000
0.639814625210879,0.593971204592621,0.297,0.1,1000
0.639814625210879,0.608182766390998,0.297,0.1,1000
0.639814625210879,0.649017276924829,0.297,0.1,1000
0.639814625210879,0.600145335904118,0.297,0.1,1000
0.639814625210879,0.583142009812175,0.297,0.1,1000
0.639814625210879,0.596428794854319,0.297,0.1,1000
0.639814625210879,0.650311360298161,0.297,0.1,1000
0.639814625210879,0.615751302933014,0.297,0.1,1000
0.639814625210879,0.648622397511729,0.297,0.1,1000
0.639814625210879,0.606315061434753,0.297,0.1,1000
0.639814625210879,0.616408575563562,0.297,0.1,1000
0.639814625210879,0.522078340761249,0.297,0.1,1000
0.639814625210879,0.563453553165393,0.297,0.1,1000
0.639814625210879,0.579327659795936,0.297,0.1,1000
0.639814625210879,0.574677916089404,0.297,0.1,1000
0.639814625210879,0.656984647143932,0.297,0.1,1000
0.639814625210879,0.699235057235955,0.297,0.1,1000
0.639814625210879,0.512330378385802,0.297,0.1,1000
0.639814625210879,0.536395252406237,0.297,0.1,1000
0.639814625210879,0.635346917935355,0.297,0.1,1000
0.639814625210879,0.514626210694867,0.297,0.1,1000
0.639814625210879,0.452181719982175,0.297,0.1,1000
0.639814625210879,0.581319155505422,0.297,0.1,1000
0.639814625210879,0.592431286947243,0.297,0.1,1000
0.639814625210879,0.60086857203198,0.297,0.1,1000
0.639814625210879,0.581348875454331,0.297,0.1,1000
0.639814625210879,0.625373348062239,0.297,0.1,1000
0.639814625210879,0.626188607020841,0.297,0.1,1000
0.639814625210879,0.602730465140391,0.297,0.1,1000
0.639814625210879,0.520020807780859,0.297,0.1,1000
0.639814625210879,0.636248272369691,0.297,0.1,1000
0.639814625210879,0.557738186703461,0.297,0.1,1000
0.639814625210879,0.59287897040692,0.297,0.1,1000
0.639814625210879,0.585096017870013,0.297,0.1,1000
0.639814625210879,0.614912379253062,0.297,0.1,1000
0.639814625210879,0.626253058733842,0.297,0.1,1000
0.639814625210879,0.604699027829751,0.297,0.1,1000
0.639814625210879,0.63225152353902,0.297,0.1,1000
0.639814625210879,0.618219481344259,0.297,0.1,1000
0.639814625210879,0.593196209683294,0.297,0.1,1000
0.639814625210879,0.627663832020035,0.297,0.1,1000
0.639814625210879,0.638941514116413,0.297,0.1,1000
0.639814625210879,0.707284010998694,0.297,0.1,1000
0.639814625210879,0.595685320143358,0.297,0.1,1000
0.639814625210879,0.582951780587469,0.297,0.1,1000
0.639814625210879,0.656809129651861,0.297,0.1,1000
0.639814625210879,0.61086573674358,0.297,0.1,1000
0.639814625210879,0.661858024589756,0.297,0.1,1000
0.639814625210879,0.590651284984921,0.297,0.1,1000
0.639814625210879,0.562300685702341,0.297,0.1,1000
0.639814625210879,0.570327252635911,0.297,0.1,1000
0.639814625210879,0.638620097913473,0.297,0.1,1000
0.639814625210879,0.575688229898628,0.297,0.1,1000
0.639814625210879,0.595809286005571,0.297,0.1,1000
0.639814625210879,0.669610385215824,0.297,0.1,1000
0.639814625210879,0.632251390846208,0.297,0.1,1000
0.639814625210879,0.595697875948201,0.297,0.1,1000
0.639814625210879,0.612030399876732,0.297,0.1,1000
0.639814625210879,0.603630892329327,0.297,0.1,1000
0.639814625210879,0.648513774006761,0.297,0.1,1000
0.639814625210879,0.674155173896987,0.297,0.1,1000
0.639814625210879,0.643924912169184,0.297,0.1,1000
0.639814625210879,0.688259102433431,0.297,0.1,1000
0.639814625210879,0.634758658175722,0.297,0.1,1000
0.639814625210879,0.657592551076953,0.297,0.1,1000
0.639814625210879,0.646872290263054,0.297,0.1,1000
0.639814625210879,0.585286507029964,0.297,0.1,1000
0.639814625210879,0.616102060425479,0.297,0.1,1000
0.639814625210879,0.606433921722423,0.297,0.1,1000
0.639814625210879,0.55537359127806,0.297,0.1,1000
0.639814625210879,0.596503318948288,0.297,0.1,1000
0.639814625210879,0.60015966541089,0.297,0.1,1000
0.639814625210879,0.639966737953176,0.297,0.1,1000
0.639814625210879,0.679048440663633,0.297,0.1,1000
0.639814625210879,0.668906701493435,0.297,0.1,1000
0.639814625210879,0.60379917152196,0.297,0.1,1000
0.639814625210879,0.599428072863222,0.297,0.1,1000
0.639814625210879,0.516003800470229,0.297,0.1,1000
0.639814625210879,0.564866488585669,0.297,0.1,1000
0.639814625210879,0.656128036192813,0.297,0.1,1000
0.639814625210879,0.561337142548573,0.297,0.1,1000
0.639814625210879,0.592510170837263,0.297,0.1,1000
0.639814625210879,0.64728501897554,0.297,0.1,1000
0.639814625210879,0.636035996701915,0.297,0.1,1000
0.639814625210879,0.617688831370773,0.297,0.1,1000
0.639814625210879,0.664063796500611,0.297,0.1,1000
0.639814625210879,0.592760456433353,0.297,0.1,1000
0.639814625210879,0.649580630447546,0.297,0.1,1000
0.639814625210879,0.619820164093622,0.297,0.1,1000
0.639814625210879,0.601767100364335,0.297,0.1,1000
0.639814625210879,0.64521122630226,0.297,0.1,1000
0.639814625210879,0.604616381904511,0.297,0.1,1000
0.639814625210879,0.622019948908878,0.297,0.1,1000
0.639814625210879,0.64618047005194,0.297,0.1,1000
0.639814625210879,0.638724252833197,0.297,0.1,1000
0.639814625210879,0.607662922380444,0.297,0.1,1000
0.639814625210879,0.584552065676361,0.297,0.1,1000
0.639814625210879,0.677369572704679,0.297,0.1,1000
0.639814625210879,0.636756115334227,0.297,0.1,1000
0.639814625210879,0.567706927577555,0.297,0.1,1000
0.639814625210879,0.690119594944026,0.297,0.1,1000
0.639814625210879,0.577165314181668,0.297,0.1,1000
0.639814625210879,0.638008374960612,0.297,0.1,1000
0.639814625210879,0.641882423031052,0.297,0.1,1000
0.639814625210879,0.570544341829516,0.297,0.1,1000
0.639814625210879,0.637199158186384,0.297,0.1,1000
0.639814625210879,0.599324557097199,0.297,0.1,1000
0.639814625210879,0.507014578435552,0.297,0.1,1000
0.639814625210879,0.606656977555223,0.297,0.1,1000
0.639814625210879,0.626105762862009,0.297,0.1,1000
0.639814625210879,0.613480362257032,0.297,0.1,1000
0.639814625210879,0.595531075487287,0.297,0.1,1000
0.639814625210879,0.614632719229563,0.297,0.1,1000
0.639814625210879,0.673342015152314,0.297,0.1,1000
0.639814625210879,0.632004179609261,0.297,0.1,1000
0.639814625210879,0.634544687189514,0.297,0.1,1000
0.639814625210879,0.622871104393377,0.297,0.1,1000
0.639814625210879,0.726690779929556,0.297,0.1,1000
0.639814625210879,0.646005739540676,0.297,0.1,1000
0.639814625210879,0.66018551476857,0.297,0.1,1000
0.639814625210879,0.665762161892638,0.297,0.1,1000
0.639814625210879,0.57334727188132,0.297,0.1,1000
0.639814625210879,0.608575212416865,0.297,0.1,1000
0.639814625210879,0.579515411758166,0.297,0.1,1000
0.639814625210879,0.648632340751427,0.297,0.1,1000
0.639814625210879,0.569353008204383,0.297,0.1,1000
0.639814625210879,0.547747981722873,0.297,0.1,1000
0.639814625210879,0.579636512331917,0.297,0.1,1000
0.639814625210879,0.67252406834361,0.297,0.1,1000
0.639814625210879,0.571784161517098,0.297,0.1,1000
0.639814625210879,0.55234833273817,0.297,0.1,1000
0.639814625210879,0.586924200839069,0.297,0.1,1000
0.639814625210879,0.586482754583739,0.297,0.1,1000
0.639814625210879,0.57646791604689,0.297,0.1,1000
0.639814625210879,0.590139631279205,0.297,0.1,1000
0.639814625210879,0.66000484997097,0.297,0.1,1000
0.639814625210879,0.600268786372101,0.297,0.1,1000
0.639814625210879,0.474803522353846,0.297,0.1,1000
0.639814625210879,0.64631057323225,0.297,0.1,1000
0.639814625210879,0.569263681659117,0.297,0.1,1000
0.639814625210879,0.654768570181054,0.297,0.1,1000
0.639814625210879,0.634111514580304,0.297,0.1,1000
0.639814625210879,0.580556700598219,0.297,0.1,1000
0.639814625210879,0.592174868288136,0.297,0.1,1000
0.639814625210879,0.679475602344219,0.297,0.1,1000
0.639814625210879,0.668386424251005,0.297,0.1,1000
0.639814625210879,0.644874228218248,0.297,0.1,1000
0.639814625210879,0.640664057165359,0.297,0.1,1000
0.639814625210879,0.609870114939195,0.297,0.1,1000
0.639814625210879,0.602216089444481,0.297,0.1,1000
0.639814625210879,0.580930857542807,0.297,0.1,1000
0.639814625210879,0.506251024927326,0.297,0.1,1000
0.639814625210879,0.572998006855343,0.297,0.1,1000
0.639814625210879,0.644029227717835,0.297,0.1,1000
0.639814625210879,0.665152179750794,0.297,0.1,1000
0.639814625210879,0.726610421145428,0.297,0.1,1000
0.639814625210879,0.65357665895836,0.297,0.1,1000
0.639814625210879,0.626970351129996,0.297,0.1,1000
0.639814625210879,0.632795525910734,0.297,0.1,1000
0.639814625210879,0.608119326370642,0.297,0.1,1000
0.639814625210879,0.56465451576135,0.297,0.1,1000
0.639814625210879,0.611026809394636,0.297,0.1,1000
0.639814625210879,0.594645861210347,0.297,0.1,1000
0.639814625210879,0.593910482184698,0.297,0.1,1000
0.639814625210879,0.514506691237461,0.297,0.1,1000
0.639814625210879,0.614673750100633,0.297,0.1,1000
0.639814625210879,0.588221849299089,0.297,0.1,1000
0.639814625210879,0.532773609486111,0.297,0.1,1000
0.639814625210879,0.637405725858728,0.297,0.1,1000
0.639814625210879,0.585036997585812,0.297,0.1,1000
0.639814625210879,0.584238960257896,0.297,0.1,1000
0.639814625210879,0.617791377662426,0.297,0.1,1000
0.639814625210879,0.556276141125087,0.297,0.1,1000
0.639814625210879,0.586969834483944,0.297,0.1,1000
0.639814625210879,0.613970849467994,0.297,0.1,1000
0.639814625210879,0.67203926204861,0.297,0.1,1000
0.639814625210879,0.585392487143981,0.297,0.1,1000
0.639814625210879,0.637907975824667,0.297,0.1,1000
0.639814625210879,0.600020473024959,0.297,0.1,1000
0.639814625210879,0.534134275119705,0.297,0.1,1000
0.639814625210879,0.631078257454656,0.297,0.1,1000
0.639814625210879,0.642703180236019,0.297,0.1,1000
0.639814625210879,0.595093100318989,0.297,0.1,1000
0.639814625210879,0.596138455871973,0.297,0.1,1000
0.639814625210879,0.59705470574552,0.297,0.1,1000
0.639814625210879,0.6575290475331,0.297,0.1,1000
0.639814625210879,0.689312622412797,0.297,0.1,1000
0.639814625210879,0.427721789571114,0.297,0.1,1000
0.639814625210879,0.598122292942031,0.297,0.1,1000
0.639814625210879,0.578554032561386,0.297,0.1,1000
0.639814625210879,0.64507032644542,0.297,0.1,1000
0.639814625210879,0.600149029232099,0.297,0.1,1000
0.639814625210879,0.549508248908924,0.297,0.1,1000
0.639814625210879,0.596309090705167,0.297,0.1,1000
0.639814625210879,0.615128051518028,0.297,0.1,1000
0.639814625210879,0.55199917544786,0.297,0.1,1000
0.639814625210879,0.588109348132192,0.297,0.1,1000
0.639814625210879,0.63889554399847,0.297,0.1,1000
0.639814625210879,0.619238271866807,0.297,0.1,1000
0.639814625210879,0.709973826634891,0.297,0.1,1000
0.639814625210879,0.605244964869411,0.297,0.1,1000
0.639814625210879,0.628165256786887,0.297,0.1,1000
0.639814625210879,0.569064593755191,0.297,0.1,1000
0.639814625210879,0.571258896346085,0.297,0.1,1000
0.639814625210879,0.654262023820237,0.297,0.1,1000
0.639814625210879,0.63192812757804,0.297,0.1,1000
0.639814625210879,0.58874337434223,0.297,0.1,1000
0.639814625210879,0.746505359094437,0.297,0.1,1000
0.639814625210879,0.650627759881381,0.297,0.1,1000
0.639814625210879,0.723296333516365,0.297,0.1,1000
0.639814625210879,0.551312352072593,0.297,0.1,1000
0.639814625210879,0.738584636192986,0.297,0.1,1000
0.639814625210879,0.607399845595381,0.297,0.1,1000
0.639814625210879,0.673158729368411,0.297,0.1,1000
0.639814625210879,0.661119166369878,0.297,0.1,1000
0.639814625210879,0.68492536760437,0.297,0.1,1000
0.639814625210879,0.618295481316885,0.297,0.1,1000
0.639814625210879,0.651687791694511,0.297,0.1,1000
0.639814625210879,0.637314702076349,0.297,0.1,1000
0.639814625210879,0.645313213598299,0.297,0.1,1000
0.639814625210879,0.713379933648962,0.297,0.1,1000
0.639814625210879,0.599222235935249,0.297,0.1,1000
0.639814625210879,0.614960585857342,0.297,0.1,1000
0.639814625210879,0.620770282475724,0.297,0.1,1000
0.639814625210879,0.712672193981644,0.297,0.1,1000
0.639814625210879,0.687303662245974,0.297,0.1,1000
0.639814625210879,0.646122982377249,0.297,0.1,1000
0.639814625210879,0.590949775017309,0.297,0.1,1000
0.639814625210879,0.660970323778113,0.297,0.1,1000
0.639814625210879,0.626339875700157,0.297,0.1,1000
0.639814625210879,0.60168255735349,0.297,0.1,1000
0.639814625210879,0.609957467657747,0.297,0.1,1000
0.639814625210879,0.626040604317279,0.297,0.1,1000
0.639814625210879,0.617900447007868,0.297,0.1,1000
0.639814625210879,0.625271025868975,0.297,0.1,1000
0.639814625210879,0.732280948629911,0.297,0.1,1000
0.639814625210879,0.625327459055058,0.297,0.1,1000
0.639814625210879,0.565947306568522,0.297,0.1,1000
0.639814625210879,0.620554980769121,0.297,0.1,1000
0.639814625210879,0.598511676625926,0.297,0.1,1000
0.639814625210879,0.683939302126554,0.297,0.1,1000
0.639814625210879,0.656462566665151,0.297,0.1,1000
0.639814625210879,0.574481989366242,0.297,0.1,1000
0.639814625210879,0.510226231591652,0.297,0.1,1000
0.639814625210879,0.59810986454286,0.297,0.1,1000
0.639814625210879,0.606852000441685,0.297,0.1,1000
0.639814625210879,0.556588142053975,0.297,0.1,1000
0.639814625210879,0.596157663319001,0.297,0.1,1000
0.639814625210879,0.591143970994885,0.297,0.1,1000
0.639814625210879,0.642908091288349,0.297,0.1,1000
0.639814625210879,0.671234722842166,0.297,0.1,1000
0.639814625210879,0.666833670848363,0.297,0.1,1000
0.639814625210879,0.568419903889573,0.297,0.1,1000
0.639814625210879,0.629923748513764,0.297,0.1,1000
0.639814625210879,0.625556596156775,0.297,0.1,1000
0.639814625210879,0.678137884536229,0.297,0.1,1000
0.639814625210879,0.620423876549568,0.297,0.1,1000
0.639814625210879,0.526167367265718,0.297,0.1,1000
0.639814625210879,0.642082976823841,0.297,0.1,1000
0.639814625210879,0.626866114814913,0.297,0.1,1000
0.639814625210879,0.610176742482355,0.297,0.1,1000
0.639814625210879,0.601993585969089,0.297,0.1,1000
0.639814625210879,0.599084055911898,0.297,0.1,1000
0.639814625210879,0.592997319226781,0.297,0.1,1000
0.639814625210879,0.638420631962294,0.297,0.1,1000
0.639814625210879,0.594247389611577,0.297,0.1,1000
0.639814625210879,0.560124880394088,0.297,0.1,1000
0.639814625210879,0.488236963826266,0.297,0.1,1000
0.639814625210879,0.754922550989673,0.297,0.1,1000
0.639814625210879,0.617049947004966,0.297,0.1,1000
0.639814625210879,0.603381284027221,0.297,0.1,1000
0.639814625210879,0.657853320561679,0.297,0.1,1000
0.639814625210879,0.563598207868155,0.297,0.1,1000
0.639814625210879,0.643213079436686,0.297,0.1,1000
0.639814625210879,0.549876435652814,0.297,0.1,1000
0.639814625210879,0.576422299486275,0.297,0.1,1000
0.639814625210879,0.606893671408073,0.297,0.1,1000
0.639814625210879,0.642392258816004,0.297,0.1,1000
0.639814625210879,0.657452030072045,0.297,0.1,1000
0.639814625210879,0.619872323796569,0.297,0.1,1000
0.639814625210879,0.658198399378533,0.297,0.1,1000
0.639814625210879,0.674430708092038,0.297,0.1,1000
0.639814625210879,0.634079370365701,0.297,0.1,1000
0.639814625210879,0.690891736713615,0.297,0.1,1000
0.639814625210879,0.655113553089022,0.297,0.1,1000
0.639814625210879,0.6696031090519,0.297,0.1,1000
0.639814625210879,0.620093993941531,0.297,0.1,1000
0.639814625210879,0.640192689960169,0.297,0.1,1000
0.639814625210879,0.542278043869065,0.297,0.1,1000
0.639814625210879,0.711007839661592,0.297,0.1,1000
0.639814625210879,0.641259693231615,0.297,0.1,1000
0.639814625210879,0.637260856674599,0.297,0.1,1000
0.639814625210879,0.574423458708549,0.297,0.1,1000
0.639814625210879,0.543941166288124,0.297,0.1,1000
0.639814625210879,0.550293185945298,0.297,0.1,1000
0.639814625210879,0.605859246691679,0.297,0.1,1000
0.639814625210879,0.664337261618601,0.297,0.1,1000
0.639814625210879,0.653946865542681,0.297,0.1,1000
0.639814625210879,0.641086782400112,0.297,0.1,1000
0.639814625210879,0.582644530284535,0.297,0.1,1000
0.639814625210879,0.571390977663676,0.297,0.1,1000
0.639814625210879,0.620143742555052,0.297,0.1,1000
0.639814625210879,0.618214907401809,0.297,0.1,1000
0.639814625210879,0.55530506374986,0.297,0.1,1000
0.639814625210879,0.656055791953442,0.297,0.1,1000
0.639814625210879,0.654542268355556,0.297,0.1,1000
0.639814625210879,0.579701485526452,0.297,0.1,1000
0.639814625210879,0.594253503238581,0.297,0.1,1000
0.639814625210879,0.645479389343679,0.297,0.1,1000
0.639814625210879,0.472141103376505,0.297,0.1,1000
0.639814625210879,0.663411696968167,0.297,0.1,1000
0.639814625210879,0.547515923134577,0.297,0.1,1000
0.639814625210879,0.60693122022919,0.297,0.1,1000
0.639814625210879,0.615938274460471,0.297,0.1,1000
0.639814625210879,0.663194721719588,0.297,0.1,1000
0.639814625210879,0.563957102059221,0.297,0.1,1000
0.639814625210879,0.59417859446936,0.297,0.1,1000
0.639814625210879,0.586519435646059,0.297,0.1,1000
0.639814625210879,0.594198942054574,0.297,0.1,1000
0.639814625210879,0.614617097355272,0.297,0.1,1000
0.639814625210879,0.617664375980116,0.297,0.1,1000
0.639814625210879,0.617136943966856,0.297,0.1,1000
0.639814625210879,0.614352367862088,0.297,0.1,1000
0.639814625210879,0.617934432838555,0.297,0.1,1000
0.639814625210879,0.601992773936239,0.297,0.1,1000
0.639814625210879,0.556587690805369,0.297,0.1,1000
0.639814625210879,0.678900920780112,0.297,0.1,1000
0.639814625210879,0.600941228351969,0.297,0.1,1000
0.639814625210879,0.625686996484801,0.297,0.1,1000
0.639814625210879,0.606542834687643,0.297,0.1,1000
0.639814625210879,0.619308155138242,0.297,0.1,1000
0.639814625210879,0.612510684747678,0.297,0.1,1000
0.639814625210879,0.613944938110744,0.297,0.1,1000
0.639814625210879,0.634759890930796,0.297,0.1,1000
0.639814625210879,0.618356747742824,0.297,0.1,1000
0.639814625210879,0.664151146557321,0.297,0.1,1000
0.639814625210879,0.649773630629093,0.297,0.1,1000
0.639814625210879,0.683725215138304,0.297,0.1,1000
0.639814625210879,0.663726390686136,0.297,0.1,1000
0.639814625210879,0.572472646476138,0.297,0.1,1000
0.639814625210879,0.603192164417495,0.297,0.1,1000
0.639814625210879,0.648554726093123,0.297,0.1,1000
0.639814625210879,0.654658510282843,0.297,0.1,1000
0.639814625210879,0.686020399828092,0.297,0.1,1000
0.639814625210879,0.601864158110659,0.297,0.1,1000
0.639814625210879,0.657776161886599,0.297,0.1,1000
0.639814625210879,0.618386456843836,0.297,0.1,1000
0.639814625210879,0.647261981876031,0.297,0.1,1000
0.639814625210879,0.506623645583813,0.297,0.1,1000
0.639814625210879,0.589673819498815,0.297,0.1,1000
0.639814625210879,0.602777925241059,0.297,0.1,1000
0.639814625210879,0.624459921083431,0.297,0.1,1000
0.639814625210879,0.654920489068616,0.297,0.1,1000
0.639814625210879,0.702657575710748,0.297,0.1,1000
0.639814625210879,0.616575826192759,0.297,0.1,1000
0.639814625210879,0.541906669427239,0.297,0.1,1000
0.639814625210879,0.609258027204366,0.297,0.1,1000
0.639814625210879,0.63987124812708,0.297,0.1,1000
0.639814625210879,0.658602702846809,0.297,0.1,1000
0.639814625210879,0.684389796670912,0.297,0.1,1000
0.639814625210879,0.64872420016868,0.297,0.1,1000
0.639814625210879,0.576732819655671,0.297,0.1,1000
0.639814625210879,0.679643385528055,0.297,0.1,1000
0.639814625210879,0.604811827089088,0.297,0.1,1000
0.639814625210879,0.626154006455912,0.297,0.1,1000
0.639814625210879,0.617815606007775,0.297,0.1,1000
0.639814625210879,0.60260440662394,0.297,0.1,1000
0.639814625210879,0.624883436988434,0.297,0.1,1000
0.639814625210879,0.625211104673827,0.297,0.1,1000
0.639814625210879,0.621919537847877,0.297,0.1,1000
0.639814625210879,0.582162257349842,0.297,0.1,1000
0.639814625210879,0.542205030471579,0.297,0.1,1000
0.639814625210879,0.61947574951141,0.297,0.1,1000
0.639814625210879,0.603662763340875,0.297,0.1,1000
0.639814625210879,0.602046325214926,0.297,0.1,1000
0.639814625210879,0.538305080403412,0.297,0.1,1000
0.639814625210879,0.606014628201591,0.297,0.1,1000
0.639814625210879,0.578849857725996,0.297,0.1,1000
0.639814625210879,0.633888350993245,0.297,0.1,1000
0.639814625210879,0.598422626479425,0.297,0.1,1000
0.639814625210879,0.677429678789055,0.297,0.1,1000
0.639814625210879,0.567458220755931,0.297,0.1,1000
0.639814625210879,0.59003779829485,0.297,0.1,1000
0.639814625210879,0.630702293028374,0.297,0.1,1000
0.639814625210879,0.646310520135527,0.297,0.1,1000
0.639814625210879,0.49576073109224,0.297,0.1,1000
0.639814625210879,0.654289960217856,0.297,0.1,1000
0.639814625210879,0.56617286903996,0.297,0.1,1000
0.639814625210879,0.564781160733169,0.297,0.1,1000
0.639814625210879,0.68757517451869,0.297,0.1,1000
0.639814625210879,0.673596017324945,0.297,0.1,1000
0.639814625210879,0.617417135556406,0.297,0.1,1000
0.639814625210879,0.571116684956079,0.297,0.1,1000
0.639814625210879,0.635962458315344,0.297,0.1,1000
0.639814625210879,0.623776251738465,0.297,0.1,1000
0.639814625210879,0.613198345554369,0.297,0.1,1000
0.639814625210879,0.57082644103188,0.297,0.1,1000
0.639814625210879,0.611562960796734,0.297,0.1,1000
0.639814625210879,0.557171055827785,0.297,0.1,1000
0.639814625210879,0.593358615827109,0.297,0.1,1000
0.639814625210879,0.571116717474818,0.297,0.1,1000
0.639814625210879,0.642814191033937,0.297,0.1,1000
0.639814625210879,0.618890632969217,0.297,0.1,1000
0.639814625210879,0.571690775110206,0.297,0.1,1000
0.639814625210879,0.563823274378171,0.297,0.1,1000
0.639814625210879,0.552201472161016,0.297,0.1,1000
0.639814625210879,0.499242162700425,0.297,0.1,1000
0.639814625210879,0.598504933853033,0.297,0.1,1000
0.639814625210879,0.545677057086229,0.297,0.1,1000
0.639814625210879,0.520450433270415,0.297,0.1,1000
0.639814625210879,0.600624046891973,0.297,0.1,1000
0.639814625210879,0.540015205926891,0.297,0.1,1000
0.639814625210879,0.665365376980418,0.297,0.1,1000
0.639814625210879,0.666258858628248,0.297,0.1,1000
0.639814625210879,0.613407074683704,0.297,0.1,1000
0.639814625210879,0.619533110652482,0.297,0.1,1000
0.639814625210879,0.636056702868213,0.297,0.1,1000
0.639814625210879,0.591002759295474,0.297,0.1,1000
0.639814625210879,0.66399160931499,0.297,0.1,1000
0.639814625210879,0.630781899065556,0.297,0.1,1000
0.639814625210879,0.549646164877728,0.297,0.1,1000
0.639814625210879,0.601204352956147,0.297,0.1,1000
0.639814625210879,0.568029940639198,0.297,0.1,1000
0.639814625210879,0.643249163127866,0.297,0.1,1000
0.639814625210879,0.594982893522143,0.297,0.1,1000
0.639814625210879,0.560407691134546,0.297,0.1,1000
0.639814625210879,0.619419898782043,0.297,0.1,1000
0.639814625210879,0.613613463716772,0.297,0.1,1000
0.639814625210879,0.611913958173136,0.297,0.1,1000
0.639814625210879,0.646541847219097,0.297,0.1,1000
0.639814625210879,0.590259624228394,0.297,0.1,1000
0.639814625210879,0.597309811265221,0.297,0.1,1000
0.639814625210879,0.583361573503647,0.297,0.1,1000
0.639814625210879,0.586615042796466,0.297,0.1,1000
0.639814625210879,0.573890851234456,0.297,0.1,1000
0.639814625210879,0.585295397271865,0.297,0.1,1000
0.639814625210879,0.592480042210836,0.297,0.1,1000
0.639814625210879,0.63330316723141,0.297,0.1,1000
0.639814625210879,0.682091214372295,0.297,0.1,1000
0.639814625210879,0.597717869149516,0.297,0.1,1000
0.639814625210879,0.65078556565161,0.297,0.1,1000
0.639814625210879,0.628016134486544,0.297,0.1,1000
0.639814625210879,0.56556486567157,0.297,0.1,1000
0.639814625210879,0.653207905835522,0.297,0.1,1000
0.639814625210879,0.629789092377142,0.297,0.1,1000
0.639814625210879,0.615240402173532,0.297,0.1,1000
0.639814625210879,0.609718540757084,0.297,0.1,1000
0.639814625210879,0.548696713556566,0.297,0.1,1000
0.639814625210879,0.700007574405325,0.297,0.1,1000
0.639814625210879,0.60890581345457,0.297,0.1,1000
0.639814625210879,0.532093084072872,0.297,0.1,1000
0.639814625210879,0.491321634831121,0.297,0.1,1000
0.639814625210879,0.686368031198291,0.297,0.1,1000
0.639814625210879,0.61762345583715,0.297,0.1,1000
0.639814625210879,0.632721681649965,0.297,0.1,1000
0.639814625210879,0.590132526777344,0.297,0.1,1000
0.639814625210879,0.787487878739883,0.297,0.1,1000
0.639814625210879,0.532846974703227,0.297,0.1,1000
0.639814625210879,0.622090020901325,0.297,0.1,1000
0.639814625210879,0.515728330548748,0.297,0.1,1000
0.639814625210879,0.569096404815776,0.297,0.1,1000
0.639814625210879,0.645715324201393,0.297,0.1,1000
0.639814625210879,0.627796992044277,0.297,0.1,1000
0.639814625210879,0.672749480186152,0.297,0.1,1000
0.639814625210879,0.569918965716519,0.297,0.1,1000
0.639814625210879,0.571584747083994,0.297,0.1,1000
0.639814625210879,0.677030385679401,0.297,0.1,1000
0.639814625210879,0.559194355848248,0.297,0.1,1000
0.639814625210879,0.722337452726779,0.297,0.1,1000
0.639814625210879,0.515534682661285,0.297,0.1,1000
0.639814625210879,0.586575955660564,0.297,0.1,1000
0.639814625210879,0.684932242247501,0.297,0.1,1000
0.639814625210879,0.526530223079325,0.297,0.1,1000
0.639814625210879,0.651569227357634,0.297,0.1,1000
0.639814625210879,0.634458589398697,0.297,0.1,1000
0.639814625210879,0.484440700114621,0.297,0.1,1000
0.639814625210879,0.621259018837192,0.297,0.1,1000
0.639814625210879,0.630888452713561,0.297,0.1,1000
0.639814625210879,0.633987273987255,0.297,0.1,1000
0.639814625210879,0.637798828910072,0.297,0.1,1000
0.639814625210879,0.675701852371337,0.297,0.1,1000
0.639814625210879,0.619721985917482,0.297,0.1,1000
0.639814625210879,0.640451184944621,0.297,0.1,1000
0.639814625210879,0.609825642595492,0.297,0.1,1000
0.639814625210879,0.548146429715398,0.297,0.1,1000
0.639814625210879,0.633656475293306,0.297,0.1,1000
0.639814625210879,0.565927553778351,0.297,0.1,1000
0.639814625210879,0.606096007876617,0.297,0.1,1000
0.639814625210879,0.569523040621667,0.297,0.1,1000
0.639814625210879,0.646153786292207,0.297,0.1,1000
0.639814625210879,0.628819159161398,0.297,0.1,1000
0.639814625210879,0.613684704659972,0.297,0.1,1000
0.639814625210879,0.599457664955514,0.297,0.1,1000
0.639814625210879,0.642568121142665,0.297,0.1,1000
0.639814625210879,0.567913906421769,0.297,0.1,1000
0.639814625210879,0.555232864144326,0.297,0.1,1000
0.639814625210879,0.62195681203822,0.297,0.1,1000
0.639814625210879,0.624216994170364,0.297,0.1,1000
0.639814625210879,0.550639032748986,0.297,0.1,1000
0.639814625210879,0.670324578280996,0.297,0.1,1000
0.639814625210879,0.60135900184895,0.297,0.1,1000
0.639814625210879,0.576159009677669,0.297,0.1,1000
0.639814625210879,0.595546152644807,0.297,0.1,1000
0.639814625210879,0.597354419257317,0.297,0.1,1000
0.639814625210879,0.567283436890204,0.297,0.1,1000
0.639814625210879,0.627868636408267,0.297,0.1,1000
0.639814625210879,0.562265476388628,0.297,0.1,1000
0.639814625210879,0.552222377669148,0.297,0.1,1000
0.639814625210879,0.588973403155279,0.297,0.1,1000
0.639814625210879,0.640312589138725,0.297,0.1,1000
0.639814625210879,0.585940851497474,0.297,0.1,1000
0.639814625210879,0.688156302557358,0.297,0.1,1000
0.639814625210879,0.681974260091179,0.297,0.1,1000
0.639814625210879,0.650527307258041,0.297,0.1,1000
0.639814625210879,0.59709470241307,0.297,0.1,1000
0.639814625210879,0.572978173428627,0.297,0.1,1000
0.639814625210879,0.632569341756423,0.297,0.1,1000
0.639814625210879,0.572377057327433,0.297,0.1,1000
0.639814625210879,0.622650769395874,0.297,0.1,1000
0.639814625210879,0.593137177964661,0.297,0.1,1000
0.639814625210879,0.587918410489312,0.297,0.1,1000
0.639814625210879,0.501364262637408,0.297,0.1,1000
0.639814625210879,0.62985105166349,0.297,0.1,1000
0.639814625210879,0.534406547546754,0.297,0.1,1000
0.639814625210879,0.599436598355154,0.297,0.1,1000
0.639814625210879,0.622304632744287,0.297,0.1,1000
0.639814625210879,0.659835150257645,0.297,0.1,1000
0.639814625210879,0.561037194551765,0.297,0.1,1000
0.639814625210879,0.5750460296066,0.297,0.1,1000
0.639814625210879,0.592528368649694,0.297,0.1,1000
0.639814625210879,0.583575875395011,0.297,0.1,1000
0.639814625210879,0.60690424688133,0.297,0.1,1000
0.639814625210879,0.639284093597657,0.297,0.1,1000
0.639814625210879,0.546358276773071,0.297,0.1,1000
0.639814625210879,0.579149594979323,0.297,0.1,1000
0.639814625210879,0.57125989602603,0.297,0.1,1000
0.639814625210879,0.690926549478522,0.297,0.1,1000
0.639814625210879,0.640829322197298,0.297,0.1,1000
0.639814625210879,0.635295693744489,0.297,0.1,1000
0.639814625210879,0.567343107789399,0.297,0.1,1000
0.639814625210879,0.530967393197717,0.297,0.1,1000
0.639814625210879,0.581472603003561,0.297,0.1,1000
0.639814625210879,0.64440413969058,0.297,0.1,1000
0.639814625210879,0.724350387779276,0.297,0.1,1000
0.639814625210879,0.580351841058232,0.297,0.1,1000
0.639814625210879,0.627983612362564,0.297,0.1,1000
0.639814625210879,0.67613270518692,0.297,0.1,1000
0.639814625210879,0.611430240810024,0.297,0.1,1000
0.639814625210879,0.549529077632581,0.297,0.1,1000
0.639814625210879,0.56636865193365,0.297,0.1,1000
0.639814625210879,0.652787433501472,0.297,0.1,1000
0.639814625210879,0.72414625787844,0.297,0.1,1000
0.639814625210879,0.593997994172581,0.297,0.1,1000
0.639814625210879,0.690505490551862,0.297,0.1,1000
0.639814625210879,0.622115841212316,0.297,0.1,1000
0.639814625210879,0.54611254177596,0.297,0.1,1000
0.639814625210879,0.625363314383031,0.297,0.1,1000
0.639814625210879,0.592346635999799,0.297,0.1,1000
0.639814625210879,0.563999622799144,0.297,0.1,1000
0.639814625210879,0.638249829201263,0.297,0.1,1000
0.639814625210879,0.551152378863518,0.297,0.1,1000
0.639814625210879,0.643677248724069,0.297,0.1,1000
0.639814625210879,0.591876941216076,0.297,0.1,1000
0.639814625210879,0.658417388350319,0.297,0.1,1000
0.639814625210879,0.590145874128765,0.297,0.1,1000
0.639814625210879,0.657595449555419,0.297,0.1,1000
0.639814625210879,0.65041226871215,0.297,0.1,1000
0.639814625210879,0.524924368197659,0.297,0.1,1000
0.639814625210879,0.620275813348082,0.297,0.1,1000
0.639814625210879,0.623301989049818,0.297,0.1,1000
0.639814625210879,0.557699213908577,0.297,0.1,1000
0.639814625210879,0.630576345854114,0.297,0.1,1000
0.639814625210879,0.623145840495328,0.297,0.1,1000
0.639814625210879,0.640167836383901,0.297,0.1,1000
0.639814625210879,0.606647559313703,0.297,0.1,1000
0.639814625210879,0.65039788541188,0.297,0.1,1000
0.639814625210879,0.58212798562465,0.297,0.1,1000
0.639814625210879,0.673250252373024,0.297,0.1,1000
0.639814625210879,0.722555009527622,0.297,0.1,1000
0.639814625210879,0.683002562539954,0.297,0.1,1000
0.639814625210879,0.699775951012925,0.297,0.1,1000
0.639814625210879,0.557137109382871,0.297,0.1,1000
0.639814625210879,0.604594706710453,0.297,0.1,1000
0.639814625210879,0.522640111290094,0.297,0.1,1000
0.639814625210879,0.60985973170257,0.297,0.1,1000
0.639814625210879,0.611841361986886,0.297,0.1,1000
0.639814625210879,0.752820233057882,0.297,0.1,1000
0.639814625210879,0.659685830341514,0.297,0.1,1000
0.639814625210879,0.742961403936051,0.297,0.1,1000
0.639814625210879,0.700980515627378,0.297,0.1,1000
0.639814625210879,0.611682794169538,0.297,0.1,1000
0.639814625210879,0.629200638266756,0.297,0.1,1000
0.639814625210879,0.665783105697589,0.297,0.1,1000
0.639814625210879,0.677060367590399,0.297,0.1,1000
0.639814625210879,0.547165396982824,0.297,0.1,1000
0.639814625210879,0.636366452176265,0.297,0.1,1000
0.639814625210879,0.58596526180287,0.297,0.1,1000
0.639814625210879,0.660006322009321,0.297,0.1,1000
0.639814625210879,0.599410995825054,0.297,0.1,1000
0.639814625210879,0.723685150628151,0.297,0.1,1000
0.639814625210879,0.568815076368074,0.297,0.1,1000
0.639814625210879,0.62688019475185,0.297,0.1,1000
0.639814625210879,0.659741584287124,0.297,0.1,1000
0.639814625210879,0.620422411803547,0.297,0.1,1000
0.639814625210879,0.684176215126392,0.297,0.1,1000
0.639814625210879,0.596322017196598,0.297,0.1,1000
0.639814625210879,0.575746054791168,0.297,0.1,1000
0.639814625210879,0.651417396291219,0.297,0.1,1000
0.639814625210879,0.491496263826272,0.297,0.1,1000
0.639814625210879,0.514763175584019,0.297,0.1,1000
0.639814625210879,0.630491112908187,0.297,0.1,1000
0.639814625210879,0.597097536664926,0.297,0.1,1000
0.639814625210879,0.680543323754647,0.297,0.1,1000
0.639814625210879,0.663557120577505,0.297,0.1,1000
0.639814625210879,0.597411175530872,0.297,0.1,1000
0.639814625210879,0.622412117629404,0.297,0.1,1000
0.639814625210879,0.526708607293921,0.297,0.1,1000
0.639814625210879,0.567928361807466,0.297,0.1,1000
0.639814625210879,0.606507250399897,0.297,0.1,1000
0.639814625210879,0.542569099267155,0.297,0.1,1000
0.639814625210879,0.642811578016833,0.297,0.1,1000
0.639814625210879,0.617361243363457,0.297,0.1,1000
0.639814625210879,0.597119289299831,0.297,0.1,1000
0.639814625210879,0.510914380646671,0.297,0.1,1000
0.639814625210879,0.622787354013435,0.297,0.1,1000
0.639814625210879,0.627654131594088,0.297,0.1,1000
0.639814625210879,0.662993563253745,0.297,0.1,1000
0.639814625210879,0.65290768293014,0.297,0.1,1000
0.639814625210879,0.499623613741617,0.297,0.1,1000
0.639814625210879,0.613200044946567,0.297,0.1,1000
0.639814625210879,0.705788982613269,0.297,0.1,1000
0.639814625210879,0.621864688608937,0.297,0.1,1000
0.639814625210879,0.666779640491427,0.297,0.1,1000
0.639814625210879,0.667790270432076,0.297,0.1,1000
0.639814625210879,0.633846927772266,0.297,0.1,1000
0.639814625210879,0.593454334872611,0.297,0.1,1000
0.639814625210879,0.582093502813585,0.297,0.1,1000
0.639814625210879,0.628609881805891,0.297,0.1,1000
0.639814625210879,0.539196760473516,0.297,0.1,1000
0.639814625210879,0.588869277461449,0.297,0.1,1000
0.639814625210879,0.592286200217517,0.297,0.1,1000
0.639814625210879,0.569958181003943,0.297,0.1,1000
0.639814625210879,0.615796297711062,0.297,0.1,1000
0.639814625210879,0.559046751069173,0.297,0.1,1000
0.639814625210879,0.557200694118224,0.297,0.1,1000
0.639814625210879,0.698507990691315,0.297,0.1,1000
0.639814625210879,0.674333551014684,0.297,0.1,1000
0.639814625210879,0.654927439862979,0.297,0.1,1000
0.639814625210879,0.633210665757521,0.297,0.1,1000
0.639814625210879,0.655930525567991,0.297,0.1,1000
0.639814625210879,0.685669795470308,0.297,0.1,1000
0.639814625210879,0.59210495110549,0.297,0.1,1000
0.639814625210879,0.561718658747556,0.297,0.1,1000
0.639814625210879,0.627616535685383,0.297,0.1,1000
0.639814625210879,0.570624243071828,0.297,0.1,1000
0.639814625210879,0.608827693504269,0.297,0.1,1000
0.639814625210879,0.583133965277957,0.297,0.1,1000
0.639814625210879,0.66830115773953,0.297,0.1,1000
0.639814625210879,0.568961962641771,0.297,0.1,1000
0.639814625210879,0.581938748698111,0.297,0.1,1000
0.639814625210879,0.626173989079435,0.297,0.1,1000
0.639814625210879,0.664829810144479,0.297,0.1,1000
0.639814625210879,0.642846578450816,0.297,0.1,1000
0.639814625210879,0.663452720079826,0.297,0.1,1000
0.639814625210879,0.648610895015527,0.297,0.1,1000
0.639814625210879,0.656803786265472,0.297,0.1,1000
0.639814625210879,0.619142467208892,0.297,0.1,1000
0.639814625210879,0.668264917989689,0.297,0.1,1000
0.639814625210879,0.665294816613628,0.297,0.1,1000
0.639814625210879,0.57993594587122,0.297,0.1,1000
0.639814625210879,0.685211930475693,0.297,0.1,1000
0.639814625210879,0.580680061155563,0.297,0.1,1000
0.639814625210879,0.67707054423733,0.297,0.1,1000
0.639814625210879,0.617273290465592,0.297,0.1,1000
0.639814625210879,0.595856011905326,0.297,0.1,1000
0.639814625210879,0.68143461770722,0.297,0.1,1000
0.639814625210879,0.591969732980766,0.297,0.1,1000
0.639814625210879,0.633485256906521,0.297,0.1,1000
0.639814625210879,0.576198889189607,0.297,0.1,1000
0.639814625210879,0.514514157640575,0.297,0.1,1000
0.639814625210879,0.557872257600172,0.297,0.1,1000
0.639814625210879,0.630314106458994,0.297,0.1,1000
0.639814625210879,0.567607430385034,0.297,0.1,1000
0.639814625210879,0.496220731133381,0.297,0.1,1000
0.639814625210879,0.599136363985036,0.297,0.1,1000
0.639814625210879,0.469690013505712,0.297,0.1,1000
0.639814625210879,0.553151545377688,0.297,0.1,1000
0.639814625210879,0.598833556789897,0.297,0.1,1000
0.639814625210879,0.606039975022671,0.297,0.1,1000
0.639814625210879,0.591387167242353,0.297,0.1,1000
0.639814625210879,0.606064211551797,0.297,0.1,1000
0.639814625210879,0.581317701079837,0.297,0.1,1000
0.639814625210879,0.660019694794204,0.297,0.1,1000
0.639814625210879,0.599291788358075,0.297,0.1,1000
0.639814625210879,0.615003410867409,0.297,0.1,1000
0.639814625210879,0.66303944868373,0.297,0.1,1000
0.639814625210879,0.709639010353981,0.297,0.1,1000
0.639814625210879,0.64361481822502,0.297,0.1,1000
0.639814625210879,0.574007493479858,0.297,0.1,1000
0.639814625210879,0.697621806295209,0.297,0.1,1000
0.639814625210879,0.503054977629737,0.297,0.1,1000
0.639814625210879,0.57418557006051,0.297,0.1,1000
0.639814625210879,0.642506491145809,0.297,0.1,1000
0.639814625210879,0.678059715985696,0.297,0.1,1000
0.639814625210879,0.65546763539858,0.297,0.1,1000
0.639814625210879,0.588603558169331,0.297,0.1,1000
0.639814625210879,0.688961768703204,0.297,0.1,1000
0.639814625210879,0.58402118478753,0.297,0.1,1000
0.639814625210879,0.667625490704366,0.297,0.1,1000
0.639814625210879,0.502955677463347,0.297,0.1,1000
0.639814625210879,0.599865676021194,0.297,0.1,1000
0.639814625210879,0.606597695700996,0.297,0.1,1000
0.639814625210879,0.568577310572775,0.297,0.1,1000
0.639814625210879,0.552342554310047,0.297,0.1,1000
0.639814625210879,0.549217234427565,0.297,0.1,1000
0.639814625210879,0.653022045272777,0.297,0.1,1000
0.639814625210879,0.531152533541098,0.297,0.1,1000
0.639814625210879,0.557344645747051,0.297,0.1,1000
0.639814625210879,0.613452847224957,0.297,0.1,1000
0.639814625210879,0.594427010837451,0.297,0.1,1000
0.639814625210879,0.67339982381904,0.297,0.1,1000
0.639814625210879,0.586545297590852,0.297,0.1,1000
0.639814625210879,0.553994709956582,0.297,0.1,1000
0.639814625210879,0.532942438058473,0.297,0.1,1000
0.639814625210879,0.623442863106909,0.297,0.1,1000
0.639814625210879,0.65085840411466,0.297,0.1,1000
0.639814625210879,0.69318319171475,0.297,0.1,1000
0.639814625210879,0.650033360259113,0.297,0.1,1000
0.639814625210879,0.676859987342141,0.297,0.1,1000
0.639814625210879,0.647371633321332,0.297,0.1,1000
0.639814625210879,0.591851240390251,0.297,0.1,1000
0.639814625210879,0.692613219711006,0.297,0.1,1000
0.639814625210879,0.674159599746028,0.297,0.1,1000
0.639814625210879,0.571664348106625,0.297,0.1,1000
0.639814625210879,0.651577438406515,0.297,0.1,1000
0.639814625210879,0.504977248177579,0.297,0.1,1000
0.639814625210879,0.63757615825366,0.297,0.1,1000
0.639814625210879,0.668377760929062,0.297,0.1,1000
0.639814625210879,0.650403490139793,0.297,0.1,1000
0.639814625210879,0.566155799795324,0.297,0.1,1000
0.639814625210879,0.661886441725507,0.297,0.1,1000
0.639814625210879,0.63124184792665,0.297,0.1,1000
0.639814625210879,0.589664518379568,0.297,0.1,1000
0.639814625210879,0.634231793511793,0.297,0.1,1000
0.639814625210879,0.566873516193335,0.297,0.1,1000
0.639814625210879,0.679056089967207,0.297,0.1,1000
0.639814625210879,0.554519754874583,0.297,0.1,1000
0.639814625210879,0.582371125587472,0.297,0.1,1000
0.639814625210879,0.622624967067775,0.297,0.1,1000
0.639814625210879,0.670583917755617,0.297,0.1,1000
0.639814625210879,0.566514642042974,0.297,0.1,1000
0.639814625210879,0.608560450107638,0.297,0.1,1000
0.639814625210879,0.607624898127841,0.297,0.1,1000
0.639814625210879,0.628981616445286,0.297,0.1,1000
0.639814625210879,0.630094228833378,0.297,0.1,1000
0.639814625210879,0.570443522069871,0.297,0.1,1000
0.639814625210879,0.698297776826265,0.297,0.1,1000
0.639814625210879,0.621518797693614,0.297,0.1,1000
0.639814625210879,0.579688927428425,0.297,0.1,1000
0.639814625210879,0.575408217897209,0.297,0.1,1000
0.639814625210879,0.636592746848574,0.297,0.1,1000
0.639814625210879,0.630555208456358,0.297,0.1,1000
0.639814625210879,0.531972920490595,0.297,0.1,1000
0.639814625210879,0.600596301226824,0.297,0.1,1000
0.639814625210879,0.518731686504252,0.297,0.1,1000
0.639814625210879,0.544521668922918,0.297,0.1,1000
0.639814625210879,0.673071842393502,0.297,0.1,1000
0.639814625210879,0.704287630246068,0.297,0.1,1000
0.639814625210879,0.52747957320153,0.297,0.1,1000
0.639814625210879,0.635752727914461,0.297,0.1,1000
0.639814625210879,0.555414140042121,0.297,0.1,1000
0.639814625210879,0.528559607667084,0.297,0.1,1000
0.639814625210879,0.628212274894114,0.297,0.1,1000
0.639814625210879,0.579103505393411,0.297,0.1,1000
0.639814625210879,0.616174176983036,0.297,0.1,1000
0.639814625210879,0.61993444528863,0.297,0.1,1000
0.639814625210879,0.622911367111052,0.297,0.1,1000
0.639814625210879,0.704605525633835,0.297,0.1,1000
0.639814625210879,0.585065384777193,0.297,0.1,1000
0.639814625210879,0.61689807854865,0.297,0.1,1000
0.639814625210879,0.648935556467439,0.297,0.1,1000
0.639814625210879,0.630951456212049,0.297,0.1,1000
0.639814625210879,0.562241193580233,0.297,0.1,1000
0.639814625210879,0.677167370071186,0.297,0.1,1000
0.639814625210879,0.642510920390775,0.297,0.1,1000
0.639814625210879,0.659526224555294,0.297,0.1,1000
0.639814625210879,0.608863617515573,0.297,0.1,1000
0.639814625210879,0.61024660190142,0.297,0.1,1000
0.639814625210879,0.676378350478165,0.297,0.1,1000
0.639814625210879,0.593575941218184,0.297,0.1,1000
0.639814625210879,0.555284189346972,0.297,0.1,1000
0.639814625210879,0.653891632571344,0.297,0.1,1000
0.639814625210879,0.653643753796591,0.297,0.1,1000
0.639814625210879,0.602094567390292,0.297,0.1,1000
0.639814625210879,0.625299528825095,0.297,0.1,1000
0.639814625210879,0.675377423254933,0.297,0.1,1000
0.639814625210879,0.570100694095571,0.297,0.1,1000
0.639814625210879,0.600549544028035,0.297,0.1,1000
0.639814625210879,0.449492830469317,0.297,0.1,1000
0.639814625210879,0.567247851694594,0.297,0.1,1000
0.639814625210879,0.619874444515118,0.297,0.1,1000
0.639814625210879,0.679363358928665,0.297,0.1,1000
0.639814625210879,0.641737896547742,0.297,0.1,1000
0.639814625210879,0.63263686324458,0.297,0.1,1000
0.639814625210879,0.645999348395886,0.297,0.1,1000
0.639814625210879,0.686075766880782,0.297,0.1,1000
0.639814625210879,0.638633129210241,0.297,0.1,1000
0.639814625210879,0.621445448333512,0.297,0.1,1000
0.639814625210879,0.501152727224672,0.297,0.1,1000
0.639814625210879,0.606317131758684,0.297,0.1,1000
0.639814625210879,0.562636463982876,0.297,0.1,1000
0.639814625210879,0.607857523465047,0.297,0.1,1000
0.639814625210879,0.645562302533611,0.297,0.1,1000
0.639814625210879,0.626106882193003,0.297,0.1,1000
0.639814625210879,0.661849530474224,0.297,0.1,1000
0.639814625210879,0.569891431002945,0.297,0.1,1000
0.639814625210879,0.613234795305587,0.297,0.1,1000
0.639814625210879,0.579810532688092,0.297,0.1,1000
0.639814625210879,0.617286667101822,0.297,0.1,1000
0.639814625210879,0.660101431084993,0.297,0.1,1000
0.639814625210879,0.573492468169,0.297,0.1,1000
0.639814625210879,0.569474166198855,0.297,0.1,1000
0.639814625210879,0.511764344347193,0.297,0.1,1000
0.639814625210879,0.60269460612086,0.297,0.1,1000
0.639814625210879,0.691969866066021,0.297,0.1,1000
0.639814625210879,0.584344754179753,0.297,0.1,1000
0.639814625210879,0.639014944125291,0.297,0.1,1000
0.639814625210879,0.649998105279336,0.297,0.1,1000
0.639814625210879,0.679359010487948,0.297,0.1,1000
0.639814625210879,0.558703230847934,0.297,0.1,1000
0.639814625210879,0.54743137107705,0.297,0.1,1000
0.639814625210879,0.613602670533014,0.297,0.1,1000
0.639814625210879,0.577059028451449,0.297,0.1,1000
0.639814625210879,0.598976002703378,0.297,0.1,1000
0.639814625210879,0.650793436164125,0.297,0.1,1000
0.639814625210879,0.668434663541594,0.297,0.1,1000
0.639814625210879,0.632644965616239,0.297,0.1,1000
0.639814625210879,0.586306834576056,0.297,0.1,1000
0.639814625210879,0.602321834114545,0.297,0.1,1000
0.639814625210879,0.606424831935151,0.297,0.1,1000
0.639814625210879,0.633173046807651,0.297,0.1,1000
0.639814625210879,0.575942171063101,0.297,0.1,1000
0.639814625210879,0.571338798629,0.297,0.1,1000
0.639814625210879,0.635151421763779,0.297,0.1,1000
0.639814625210879,0.658795614580386,0.297,0.1,1000
0.639814625210879,0.542563690234072,0.297,0.1,1000
0.639814625210879,0.676212766560792,0.297,0.1,1000
0.639814625210879,0.651239694386703,0.297,0.1,1000
0.639814625210879,0.526309120867481,0.297,0.1,1000
0.639814625210879,0.650928538252727,0.297,0.1,1000
0.639814625210879,0.619656702077901,0.297,0.1,1000
0.639814625210879,0.619717476362089,0.297,0.1,1000
0.639814625210879,0.6539464218297,0.297,0.1,1000
0.639814625210879,0.611457820866963,0.297,0.1,1000
0.639814625210879,0.540808477867581,0.297,0.1,1000
0.639814625210879,0.636033471726671,0.297,0.1,1000
0.639814625210879,0.711208877819959,0.297,0.1,1000
0.639814625210879,0.607630745071332,0.297,0.1,1000
0.639814625210879,0.526725314750391,0.297,0.1,1000
0.639814625210879,0.602671419527128,0.297,0.1,1000
0.639814625210879,0.616171916774536,0.297,0.1,1000
0.639814625210879,0.638782311131859,0.297,0.1,1000
0.639814625210879,0.656239212820732,0.297,0.1,1000
0.639814625210879,0.613313609889867,0.297,0.1,1000
0.639814625210879,0.654589063031048,0.297,0.1,1000
0.639814625210879,0.508628781254924,0.297,0.1,1000
0.639814625210879,0.628651367372391,0.297,0.1,1000
0.639814625210879,0.607176955750411,0.297,0.1,1000
0.639814625210879,0.594073991388897,0.297,0.1,1000
0.639814625210879,0.596455440706352,0.297,0.1,1000
0.639814625210879,0.524088503472551,0.297,0.1,1000
0.639814625210879,0.658121996422114,0.297,0.1,1000
0.639814625210879,0.542541369706872,0.297,0.1,1000
0.639814625210879,0.679347617191481,0.297,0.1,1000
0.639814625210879,0.541068485090217,0.297,0.1,1000
0.639814625210879,0.649073544067065,0.297,0.1,1000
0.639814625210879,0.500180180565247,0.297,0.1,1000
0.639814625210879,0.600603595590618,0.297,0.1,1000
0.639814625210879,0.595375437685586,0.297,0.1,1000
0.639814625210879,0.668021061876002,0.297,0.1,1000
0.639814625210879,0.605230769021328,0.297,0.1,1000
0.639814625210879,0.658790501367349,0.297,0.1,1000
0.639814625210879,0.647371652730236,0.297,0.1,1000
0.639814625210879,0.621759975570161,0.297,0.1,1000
0.639814625210879,0.622056556623195,0.297,0.1,1000
0.639814625210879,0.630195222744838,0.297,0.1,1000
0.639814625210879,0.660022082149225,0.297,0.1,1000
0.639814625210879,0.556469396121454,0.297,0.1,1000
0.639814625210879,0.720425758953476,0.297,0.1,1000
0.639814625210879,0.584832624681671,0.297,0.1,1000
0.639814625210879,0.672943395578719,0.297,0.1,1000
0.639814625210879,0.588875450791001,0.297,0.1,1000
0.639814625210879,0.648766632977698,0.297,0.1,1000
0.639814625210879,0.557298501884815,0.297,0.1,1000
0.639814625210879,0.645590341683151,0.297,0.1,1000
0.639814625210879,0.637759296990585,0.297,0.1,1000
0.639814625210879,0.619289006905481,0.297,0.1,1000
0.639814625210879,0.636265103440652,0.297,0.1,1000
0.639814625210879,0.576953109731193,0.297,0.1,1000
0.639814625210879,0.595158024104686,0.297,0.1,1000
0.639814625210879,0.599457843653712,0.297,0.1,1000
0.639814625210879,0.557663420168669,0.297,0.1,1000
0.639814625210879,0.585316134303669,0.297,0.1,1000
0.639814625210879,0.665481651307893,0.297,0.1,1000
0.639814625210879,0.533878217529141,0.297,0.1,1000
0.639814625210879,0.610097104880277,0.297,0.1,1000
0.639814625210879,0.681339064736846,0.297,0.1,1000
0.639814625210879,0.700204746306141,0.297,0.1,1000
0.639814625210879,0.629109949911371,0.297,0.1,1000
0.639814625210879,0.573184283741472,0.297,0.1,1000
0.639814625210879,0.693776857601291,0.297,0.1,1000
0.639814625210879,0.633541260298796,0.297,0.1,1000
0.639814625210879,0.677923874532724,0.297,0.1,1000
0.639814625210879,0.592245091009322,0.297,0.1,1000
0.639814625210879,0.560301908324592,0.297,0.1,1000
0.639814625210879,0.639689141783093,0.297,0.1,1000
0.639814625210879,0.66086456373991,0.297,0.1,1000
0.639814625210879,0.585640760434722,0.297,0.1,1000
0.639814625210879,0.559416868429041,0.297,0.1,1000
0.639814625210879,0.533479025216785,0.297,0.1,1000
0.639814625210879,0.611160701680713,0.297,0.1,1000
0.639814625210879,0.601504012330158,0.297,0.1,1000
0.639814625210879,0.566035577837871,0.297,0.1,1000
0.639814625210879,0.625838491770704,0.297,0.1,1000
0.639814625210879,0.559775260645979,0.297,0.1,1000
0.639814625210879,0.628655624744547,0.297,0.1,1000
0.639814625210879,0.595844506551944,0.297,0.1,1000
0.639814625210879,0.546254202816873,0.297,0.1,1000
0.639814625210879,0.424198008976539,0.297,0.1,1000
0.639814625210879,0.572277231053839,0.297,0.1,1000
0.639814625210879,0.591413184984796,0.297,0.1,1000
0.639814625210879,0.584698033648312,0.297,0.1,1000
0.639814625210879,0.596448940682776,0.297,0.1,1000
0.639814625210879,0.678230644535851,0.297,0.1,1000
0.639814625210879,0.616600113874211,0.297,0.1,1000
0.639814625210879,0.626385464799771,0.297,0.1,1000
0.639814625210879,0.676345177423767,0.297,0.1,1000
0.639814625210879,0.656147414467758,0.297,0.1,1000
0.639814625210879,0.664034571539949,0.297,0.1,1000
0.639814625210879,0.623874985456791,0.297,0.1,1000
0.639814625210879,0.661016342498048,0.297,0.1,1000
0.639814625210879,0.613429940617121,0.297,0.1,1000
0.639814625210879,0.609168851035238,0.297,0.1,1000
0.639814625210879,0.562006911941542,0.297,0.1,1000
0.639814625210879,0.658112835215071,0.297,0.1,1000
0.639814625210879,0.646983142168363,0.297,0.1,1000
0.639814625210879,0.695995667637074,0.297,0.1,1000
0.639814625210879,0.679155767137566,0.297,0.1,1000
0.639814625210879,0.640958446983934,0.297,0.1,1000
0.639814625210879,0.568258302783254,0.297,0.1,1000
0.639814625210879,0.670367484781623,0.297,0.1,1000
0.639814625210879,0.590817277664664,0.297,0.1,1000
0.639814625210879,0.634672868614324,0.297,0.1,1000
0.639814625210879,0.677213350369029,0.297,0.1,1000
0.639814625210879,0.56751179466963,0.297,0.1,1000
0.639814625210879,0.575832356519551,0.297,0.1,1000
0.639814625210879,0.628809476598085,0.297,0.1,1000
0.639814625210879,0.533111368517402,0.297,0.1,1000
0.639814625210879,0.57905192371047,0.297,0.1,1000
0.639814625210879,0.60118338612484,0.297,0.1,1000
0.639814625210879,0.602210774145143,0.297,0.1,1000
0.639814625210879,0.613090255420867,0.297,0.1,1000
0.639814625210879,0.541819560427182,0.297,0.1,1000
0.639814625210879,0.650376377755598,0.297,0.1,1000
0.639814625210879,0.643075516447377,0.297,0.1,1000
0.639814625210879,0.646833947186313,0.297,0.1,1000
0.639814625210879,0.693423457407209,0.297,0.1,1000
0.639814625210879,0.602187301244762,0.297,0.1,1000
0.639814625210879,0.546240707300601,0.297,0.1,1000
0.639814625210879,0.613402841740177,0.297,0.1,1000
0.639814625210879,0.66343478497563,0.297,0.1,1000
0.639814625210879,0.533460510948383,0.297,0.1,1000
0.639814625210879,0.564272070579421,0.297,0.1,1000
0.639814625210879,0.658626273811577,0.297,0.1,1000
0.639814625210879,0.544040591174955,0.297,0.1,1000
